[
  {
    "id": "85c65d0b-53d4-466e-aedc-3cb578c65f8c",
    "data": [
      {
        "text": "What offers do you have",
        "userDefined": false
      }
    ],
    "isTemplate": false,
    "count": 0,
    "lang": "en",
    "updated": 0
  },
  {
    "id": "1fcd1c51-742d-4ee9-8f35-6bfa64d74d10",
    "data": [
      {
        "text": "Subcription price ?",
        "userDefined": false
      }
    ],
    "isTemplate": false,
    "count": 0,
    "lang": "en",
    "updated": 0
  },
  {
    "id": "685754d5-cd53-4416-a6c5-3682d796876e",
    "data": [
      {
        "text": "How much does a subscription cost?",
        "userDefined": false
      }
    ],
    "isTemplate": false,
    "count": 0,
    "lang": "en",
    "updated": 0
  },
  {
    "id": "0a8a2b2e-b37a-44dd-9e51-e5a14cdabbd1",
    "data": [
      {
        "text": "What plans do you have?",
        "userDefined": false
      }
    ],
    "isTemplate": false,
    "count": 0,
    "lang": "en",
    "updated": 0
  }
]