[
  {
    "id": "34abfd38-8995-44e1-8145-e30a77cc2061",
    "data": [
      {
        "text": "Thank you so much",
        "userDefined": false
      }
    ],
    "isTemplate": false,
    "count": 0,
    "lang": "en",
    "updated": 0
  },
  {
    "id": "36c097ee-46ad-4834-bf9c-3c6669957af6",
    "data": [
      {
        "text": "Thank you",
        "userDefined": false
      }
    ],
    "isTemplate": false,
    "count": 0,
    "lang": "en",
    "updated": 0
  },
  {
    "id": "86e2a441-deb7-4406-95df-6e295ec17efd",
    "data": [
      {
        "text": "Thanks",
        "userDefined": false
      }
    ],
    "isTemplate": false,
    "count": 0,
    "lang": "en",
    "updated": 0
  }
]