[
  {
    "id": "37b96546-f838-4240-8f14-35504f54e049",
    "data": [
      {
        "text": "price too high",
        "userDefined": false
      }
    ],
    "isTemplate": false,
    "count": 0,
    "lang": "en",
    "updated": 0
  },
  {
    "id": "de1edae8-7c5b-4466-98be-07de325b5829",
    "data": [
      {
        "text": "Do you have any promo code",
        "userDefined": false
      }
    ],
    "isTemplate": false,
    "count": 0,
    "lang": "en",
    "updated": 0
  },
  {
    "id": "72ce758c-51a2-4724-8203-8a94af4694cb",
    "data": [
      {
        "text": "Do you have any offers?",
        "userDefined": false
      }
    ],
    "isTemplate": false,
    "count": 0,
    "lang": "en",
    "updated": 0
  },
  {
    "id": "85d3451b-acb4-436d-96d4-02d63f8beaae",
    "data": [
      {
        "text": "Can I get a discount?",
        "userDefined": false
      }
    ],
    "isTemplate": false,
    "count": 0,
    "lang": "en",
    "updated": 0
  },
  {
    "id": "aefe20e8-5df3-45cc-86c1-fe5b72fac408",
    "data": [
      {
        "text": "Your subscriptions are too expensive",
        "userDefined": false
      }
    ],
    "isTemplate": false,
    "count": 0,
    "lang": "en",
    "updated": 0
  }
]