[
  {
    "id": "ba7f9471-9085-48cc-8da1-47f3f2bd513f",
    "data": [
      {
        "text": "I am interested in full HD",
        "userDefined": false
      }
    ],
    "isTemplate": false,
    "count": 0,
    "lang": "en",
    "updated": 0
  },
  {
    "id": "c6629107-3b7f-4ff4-a586-21dbe66bed60",
    "data": [
      {
        "text": "Full HD please",
        "userDefined": false
      }
    ],
    "isTemplate": false,
    "count": 0,
    "lang": "en",
    "updated": 0
  },
  {
    "id": "6b19c3fc-8e78-4ace-88e3-f23183f009f8",
    "data": [
      {
        "text": "FULL  HD",
        "userDefined": false
      }
    ],
    "isTemplate": false,
    "count": 0,
    "lang": "en",
    "updated": 0
  }
]