[
  {
    "id": "5c29678f-38aa-46b7-87fb-d9a0ea114a5f",
    "data": [
      {
        "text": "HD please",
        "userDefined": false
      }
    ],
    "isTemplate": false,
    "count": 0,
    "lang": "en",
    "updated": 0
  },
  {
    "id": "846aa226-d786-47d2-9e23-4764c06bb368",
    "data": [
      {
        "text": "I am in interesting in the HD plan",
        "userDefined": false
      }
    ],
    "isTemplate": false,
    "count": 0,
    "lang": "en",
    "updated": 0
  },
  {
    "id": "2411ae40-bc9f-42bf-8cdd-4d428a36e258",
    "data": [
      {
        "text": "HD",
        "userDefined": false
      }
    ],
    "isTemplate": false,
    "count": 0,
    "lang": "en",
    "updated": 0
  }
]