[
  {
    "id": "d919342c-364a-4166-84b1-64a7c1741b51",
    "data": [
      {
        "text": "4",
        "meta": "@sys.number",
        "alias": "number",
        "userDefined": false
      },
      {
        "text": "K plan",
        "userDefined": false
      }
    ],
    "isTemplate": false,
    "count": 0,
    "lang": "en",
    "updated": 0
  },
  {
    "id": "75f79af6-48a5-4afe-b863-2c3fa288675f",
    "data": [
      {
        "text": "4K",
        "meta": "@sys.unit-weight",
        "alias": "unit-weight",
        "userDefined": false
      },
      {
        "text": " subsription",
        "userDefined": false
      }
    ],
    "isTemplate": false,
    "count": 0,
    "lang": "en",
    "updated": 0
  },
  {
    "id": "d569bb8d-cb22-4f92-bdba-bb7c045592e7",
    "data": [
      {
        "text": "4K",
        "meta": "@sys.unit-length",
        "alias": "unit-length",
        "userDefined": false
      }
    ],
    "isTemplate": false,
    "count": 0,
    "lang": "en",
    "updated": 0
  },
  {
    "id": "1909dcc7-166e-42ec-b2de-db011668721a",
    "data": [
      {
        "text": "4",
        "meta": "@sys.number",
        "alias": "number",
        "userDefined": false
      },
      {
        "text": "K please",
        "userDefined": false
      }
    ],
    "isTemplate": false,
    "count": 0,
    "lang": "en",
    "updated": 0
  }
]